title,국토종주 자전거길 정보
1,아라자전거길
2,한강종주자전거길
3,남한강자전거길
4,새재자전거길
5,낙동강자전거길
6,금강자전거길
7,영산강자전거길
8,북한강자전거길
9,섬진강자전거길
10,오천자전거길
11,동해안(강원)자전거길
12,동해안(경북)자전거길
13,제주환상자전거길
14,강릉 경포호 산소길
15,화천 파로호 100리 산소길
16,옹진 덕적도 자전거길
17,파주 DMZ 자전거길
18,옥천 향수 100리길
19,정읍 정읍천 자전거길
20,신안 증도 자전거섬
21,경주 역사탐방 자전거길
22,현재 노선변경으로 사용하지 않음
23,제주 해맞이 해안로
24,강화군(지붕없는 박물관) 자전거길
25,옹진의 아름다운 시시모도 자전거 여행길 
26,군산 고군산도 자전거길
27,여수 금오도 해안도로 자전거길
28,고흥군(거금도~소록도) 자전거길
29,완도 수목원 자전거길
30,느림의 미학 완도군 청산도 자전거길
31,항상 새로운 섬 완도군 생일도 자전거길
32,쉬미향~청용삼거리 자전거길(진도군)
33,신안군(입해도) 자전거길
34,신안군(증도) 자전거길
35,신안군(임자도) 자전거길
36,"신안군(자은, 임태도) 자전거길"
37,현재 노선변경으로 사용하지 않음
38,현재 노선변경으로 사용하지 않음
39,신안군(흑산도) 자전거길
40,현재 노선변경으로 사용하지 않음
41,울릉도 꿈이 있는 자전거길
42,환상의 사천시 신수도 바다 자전거길
43,경남 남해(남해대교~남해읍 선소) 자전거길
44,제주도(구좌읍 해맞이 해안로) 자전거길
45,제주 환상 자전거길(오조리~성산리)
46,제주도(상모리~사계리) 자전거길
